"unit","time","engagement_mean","mood_mean","mood_colour","offset","laughter_start","laughter_duration","type_colour"
0,"00:00",7,5,"#BCD900","0%",3,3,"#009900"
17,"00:17",4.3,4,"#FFE600","5.88235294117647%",165,5,"#FFE600"
66,"01:06",5.3,4,"#FFE600","22.8373702422145%",0,-20,""
97,"01:37",4.6,4.6,"#D6DE00","33.5640138408304%",0,-20,""
153,"02:33",4.3,5.3,"#A8D600","52.9411764705882%",0,-20,""
180,"03:00",4.3,3.6,"#FBCB00","62.2837370242215%",0,-20,""
198,"03:18",6.3,5.6,"#84C800","68.5121107266436%",0,-20,""
260,"04:20",5.3,5,"#BCD900","89.9653979238754%",0,-20,""
289,"04:49",5.6,5,"#BCD900","100%",0,-20,""
