"unit","time","engagement_mean","mood_mean","mood_colour","offset"
0,"00:00",7,5,"#D3DE00","0%"
17,"00:17",4.3,4,"#FFE600","5.88235294117647%"
66,"01:06",5.3,4,"#FFE600","22.8373702422145%"
97,"01:37",4.6,4.6,"#E4E100","33.5640138408304%"
153,"02:33",4.3,5.3,"#C6DB00","52.9411764705882%"
180,"03:00",4.3,3.6,"#FDD500","62.2837370242215%"
198,"03:18",6.3,5.6,"#B9D900","68.5121107266436%"
260,"04:20",5.3,5,"#D3DE00","89.9653979238754%"
289,"04:49",5.6,5,"#D3DE00","100%"
